-- phpMyAdmin SQL Dump
-- version 5.1.1
-- https://www.phpmyadmin.net/
--
-- Хост: 127.0.0.1:3306
-- Время создания: Окт 24 2022 г., 20:20
-- Версия сервера: 10.4.19-MariaDB-log
-- Версия PHP: 8.0.14

SET SQL_MODE = "NO_AUTO_VALUE_ON_ZERO";
START TRANSACTION;
SET time_zone = "+00:00";


/*!40101 SET @OLD_CHARACTER_SET_CLIENT=@@CHARACTER_SET_CLIENT */;
/*!40101 SET @OLD_CHARACTER_SET_RESULTS=@@CHARACTER_SET_RESULTS */;
/*!40101 SET @OLD_COLLATION_CONNECTION=@@COLLATION_CONNECTION */;
/*!40101 SET NAMES utf8mb4 */;

--
-- База данных: `messenger`
--

-- --------------------------------------------------------

--
-- Структура таблицы `friends`
--

CREATE TABLE `friends` (
  `id` int(10) UNSIGNED NOT NULL,
  `user_id` int(10) UNSIGNED NOT NULL,
  `friend_id` int(10) UNSIGNED NOT NULL
) ENGINE=InnoDB DEFAULT CHARSET=utf8;

--
-- Дамп данных таблицы `friends`
--

INSERT INTO `friends` (`id`, `user_id`, `friend_id`) VALUES
(1, 1, 2),
(2, 1, 4),
(3, 1, 3),
(5, 2, 5),
(6, 2, 1),
(7, 4, 1),
(8, 4, 2),
(9, 4, 3),
(10, 4, 5),
(11, 5, 1),
(12, 5, 4),
(13, 1, 5);

-- --------------------------------------------------------

--
-- Структура таблицы `groups`
--

CREATE TABLE `groups` (
  `id` int(10) UNSIGNED NOT NULL,
  `name` varchar(255) NOT NULL
) ENGINE=InnoDB DEFAULT CHARSET=utf8;

--
-- Дамп данных таблицы `groups`
--

INSERT INTO `groups` (`id`, `name`) VALUES
(1, 'Новый чат'),
(2, 'Новый чат 2'),
(3, 'Секретный чат');

-- --------------------------------------------------------

--
-- Структура таблицы `group_messages`
--

CREATE TABLE `group_messages` (
  `id` int(10) UNSIGNED NOT NULL,
  `group_id` int(10) UNSIGNED NOT NULL,
  `user_id` int(10) UNSIGNED NOT NULL,
  `text` text NOT NULL,
  `date` datetime NOT NULL DEFAULT current_timestamp()
) ENGINE=InnoDB DEFAULT CHARSET=utf8;

--
-- Дамп данных таблицы `group_messages`
--

INSERT INTO `group_messages` (`id`, `group_id`, `user_id`, `text`, `date`) VALUES
(1, 1, 1, 'Всем привет)', '2022-10-14 23:18:56'),
(2, 1, 2, 'Привет', '2022-10-14 23:19:33'),
(3, 1, 1, 'qweqweqwe', '2022-10-15 19:59:26'),
(4, 1, 4, 'халоу', '2022-10-15 20:33:08'),
(5, 1, 1, 'в', '2022-10-15 20:34:16'),
(6, 1, 1, 'ывфывфыв', '2022-10-15 20:34:20'),
(7, 1, 1, 'фылаьтывб', '2022-10-15 20:34:26'),
(8, 1, 1, 'ываьывалдп', '2022-10-15 20:34:29'),
(9, 2, 5, 'Всем привет)', '2022-10-16 19:41:20'),
(10, 2, 1, 'qweqwe', '2022-10-17 17:48:48'),
(11, 2, 5, 'Как дела?', '2022-10-17 17:49:04'),
(12, 2, 1, 'Всем привет)', '2022-10-18 10:39:27'),
(13, 2, 5, '111', '2022-10-18 14:15:07'),
(14, 2, 1, '123', '2022-10-18 14:15:15'),
(15, 1, 1, 'qweqweqwe', '2022-10-20 17:47:31'),
(16, 1, 4, 'Всем привет)', '2022-10-20 17:47:35'),
(17, 1, 4, 'qweqe', '2022-10-20 17:47:39'),
(18, 1, 1, '123', '2022-10-20 17:54:33'),
(19, 1, 4, 'qe', '2022-10-20 17:54:40'),
(20, 2, 1, 'qweqweqwe', '2022-10-20 17:56:35'),
(21, 2, 5, 'qweqe', '2022-10-20 17:56:38'),
(22, 1, 5, '11', '2022-10-20 17:56:46'),
(24, 1, 4, 'qweqe', '2022-10-20 18:01:32'),
(25, 1, 1, '11', '2022-10-20 18:01:44'),
(26, 1, 4, '123', '2022-10-20 18:01:48'),
(27, 1, 1, 'qweqwe', '2022-10-20 18:02:04'),
(28, 1, 4, 'qweqwe', '2022-10-20 18:02:08'),
(29, 2, 1, 'qweqweqwe', '2022-10-20 18:02:45'),
(30, 2, 5, '123', '2022-10-20 18:02:52'),
(31, 2, 5, '123', '2022-10-20 18:02:56'),
(32, 2, 1, 'qweqe', '2022-10-20 18:02:59'),
(33, 2, 1, '11', '2022-10-20 18:03:01'),
(36, 1, 5, 'qweqe', '2022-10-20 18:11:47'),
(38, 1, 5, '11', '2022-10-20 18:15:20'),
(42, 1, 4, 'qweqe', '2022-10-20 18:34:01'),
(43, 1, 4, 'qweqweqwe', '2022-10-20 18:34:23'),
(44, 1, 4, 'Всем привет)', '2022-10-20 19:49:26'),
(45, 1, 4, 'qweqweqwe', '2022-10-20 20:16:09'),
(46, 1, 4, '123', '2022-10-21 00:43:05'),
(47, 1, 1, 'qweqe', '2022-10-21 00:43:11'),
(48, 1, 1, 'qweqe', '2022-10-21 01:29:48'),
(49, 1, 4, '11', '2022-10-21 01:29:57'),
(50, 1, 4, '123', '2022-10-21 01:30:29'),
(53, 1, 1, '11', '2022-10-21 01:38:51'),
(54, 1, 1, '11', '2022-10-21 01:41:29'),
(55, 1, 1, '11', '2022-10-21 02:40:40'),
(56, 1, 4, 'qweqwe', '2022-10-21 13:29:53'),
(57, 1, 4, '11', '2022-10-21 13:37:23'),
(58, 1, 1, 'qweqe', '2022-10-21 13:37:26');

-- --------------------------------------------------------

--
-- Структура таблицы `group_users`
--

CREATE TABLE `group_users` (
  `id` int(10) UNSIGNED NOT NULL,
  `group_id` int(10) UNSIGNED NOT NULL,
  `user_id` int(10) UNSIGNED NOT NULL
) ENGINE=InnoDB DEFAULT CHARSET=utf8;

--
-- Дамп данных таблицы `group_users`
--

INSERT INTO `group_users` (`id`, `group_id`, `user_id`) VALUES
(1, 1, 1),
(2, 1, 2),
(3, 1, 4),
(4, 2, 2),
(5, 2, 5),
(6, 2, 1),
(7, 3, 2),
(8, 3, 5),
(9, 1, 3);

-- --------------------------------------------------------

--
-- Структура таблицы `messages`
--

CREATE TABLE `messages` (
  `id` int(10) UNSIGNED NOT NULL,
  `from_id` int(10) UNSIGNED NOT NULL,
  `to_id` int(10) UNSIGNED NOT NULL,
  `text` text NOT NULL,
  `date` datetime NOT NULL DEFAULT current_timestamp()
) ENGINE=InnoDB DEFAULT CHARSET=utf8;

--
-- Дамп данных таблицы `messages`
--

INSERT INTO `messages` (`id`, `from_id`, `to_id`, `text`, `date`) VALUES
(1, 1, 2, 'Привет', '2022-10-13 19:44:26'),
(2, 2, 1, 'Здорова', '2022-10-13 19:44:51'),
(4, 2, 5, 'Чо каво', '2022-10-13 21:07:43'),
(6, 2, 1, 'Норм', '2022-10-13 21:08:11'),
(8, 1, 2, 'Че сегодня делаешь?', '2022-10-14 16:41:59'),
(9, 1, 2, 'Та ничего_', '2022-10-14 16:42:34'),
(10, 2, 1, 'че за херня', '2022-10-14 16:42:56'),
(11, 2, 1, '1111', '2022-10-14 16:46:08'),
(12, 1, 2, '11', '2022-10-14 16:47:05'),
(14, 2, 1, 'qqq', '2022-10-14 16:47:22'),
(15, 1, 2, 'qwe', '2022-10-15 19:51:27'),
(16, 1, 2, 'qweqwe', '2022-10-15 19:51:38'),
(17, 4, 1, 'йййййййййй', '2022-10-15 20:32:55'),
(18, 4, 1, 'й', '2022-10-15 20:32:58'),
(19, 4, 1, '1', '2022-10-15 20:33:01'),
(20, 1, 5, 'Привет', '2022-10-17 18:51:47'),
(21, 5, 1, '234', '2022-10-17 18:52:03'),
(22, 1, 5, '123', '2022-10-17 18:53:05'),
(23, 1, 5, 'Как дела?', '2022-10-17 19:56:02'),
(24, 5, 1, 'Норм', '2022-10-17 19:56:23'),
(25, 5, 1, '1111', '2022-10-17 19:57:14'),
(26, 1, 5, 'sss', '2022-10-18 09:41:41'),
(27, 1, 5, 'qweqe', '2022-10-18 09:44:16'),
(28, 1, 5, 'qweqwe', '2022-10-18 09:44:59'),
(29, 1, 5, '22', '2022-10-18 09:45:17'),
(30, 1, 5, '1', '2022-10-18 09:46:59'),
(31, 1, 5, '11', '2022-10-18 09:49:22'),
(32, 1, 5, 'qweqwe', '2022-10-18 09:50:24'),
(33, 1, 5, '123', '2022-10-18 09:51:24'),
(34, 1, 5, '11', '2022-10-18 09:53:29'),
(35, 1, 5, '11111', '2022-10-18 09:54:35'),
(36, 1, 5, '11', '2022-10-18 10:05:07'),
(37, 1, 5, 'qweqwe', '2022-10-18 10:34:25'),
(38, 5, 1, '11', '2022-10-18 10:34:40'),
(39, 5, 1, '12', '2022-10-18 11:28:27'),
(40, 5, 1, '123', '2022-10-18 11:28:37'),
(41, 5, 1, '11', '2022-10-18 11:28:52'),
(42, 5, 1, 'Всем привет)', '2022-10-18 11:29:27'),
(44, 1, 5, 'qweqe', '2022-10-18 12:38:54'),
(45, 5, 1, 'qweqweqwe', '2022-10-18 12:39:36'),
(46, 1, 5, 'qweqwe', '2022-10-18 12:43:57'),
(47, 5, 1, 'qweqweqwe', '2022-10-18 12:44:35'),
(48, 1, 5, 'qweqweqwe', '2022-10-18 13:22:59'),
(49, 5, 1, '123', '2022-10-18 13:23:20'),
(50, 1, 5, 'qweqweqwe', '2022-10-18 13:25:31'),
(51, 5, 1, 'Всем привет)', '2022-10-18 13:25:37'),
(52, 1, 5, 'qweqweqwe', '2022-10-18 13:27:37'),
(53, 1, 5, 'Всем привет)', '2022-10-18 13:30:07'),
(54, 5, 1, '11', '2022-10-18 13:34:43'),
(55, 1, 5, 'qweqweqwe', '2022-10-18 13:36:24'),
(56, 1, 5, '123', '2022-10-18 13:39:19'),
(57, 5, 1, 'qweqweqwe', '2022-10-18 13:41:04'),
(58, 5, 1, 'qwe', '2022-10-18 13:51:00'),
(59, 1, 5, '', '2022-10-18 13:51:27'),
(60, 5, 1, '11', '2022-10-18 13:52:11'),
(61, 5, 1, 'каво', '2022-10-18 13:52:26'),
(62, 1, 5, '11', '2022-10-18 13:52:37'),
(63, 5, 2, '111', '2022-10-18 14:15:07'),
(64, 1, 2, '123', '2022-10-18 14:15:15'),
(65, 1, 1, 'qweqweqwe', '2022-10-20 17:47:31'),
(66, 4, 1, 'Всем привет)', '2022-10-20 17:47:34'),
(67, 4, 1, 'qweqe', '2022-10-20 17:47:39'),
(68, 4, 1, 'Всем привет)', '2022-10-20 17:48:19'),
(69, 1, 4, 'qweqe', '2022-10-20 17:48:39'),
(70, 4, 1, '11', '2022-10-20 17:48:42'),
(71, 4, 1, '11', '2022-10-20 17:48:52'),
(72, 1, 4, '11', '2022-10-20 17:49:05'),
(73, 4, 1, '11', '2022-10-20 17:49:08'),
(74, 4, 1, 'qweqe', '2022-10-20 17:49:59'),
(75, 4, 1, 'qweqe', '2022-10-20 17:50:13'),
(76, 1, 1, '123', '2022-10-20 17:54:33'),
(77, 4, 1, 'qe', '2022-10-20 17:54:40'),
(79, 5, 2, 'qweqe', '2022-10-20 17:56:38'),
(80, 5, 1, '11', '2022-10-20 17:56:45'),
(81, 1, 4, 'qweqweqwe', '2022-10-20 17:57:10'),
(82, 4, 1, 'qweqe', '2022-10-20 18:01:32'),
(83, 1, 1, '11', '2022-10-20 18:01:44'),
(84, 4, 1, '123', '2022-10-20 18:01:48'),
(85, 1, 1, 'qweqwe', '2022-10-20 18:02:04'),
(86, 4, 1, 'qweqwe', '2022-10-20 18:02:08'),
(87, 5, 2, '123', '2022-10-20 18:02:52'),
(88, 5, 2, '123', '2022-10-20 18:02:56'),
(89, 1, 2, 'qweqe', '2022-10-20 18:02:59'),
(90, 1, 2, '11', '2022-10-20 18:03:01'),
(91, 1, 5, 'qweqwe', '2022-10-20 18:03:11'),
(92, 1, 5, 'qweqweqwe', '2022-10-20 18:08:01'),
(93, 5, 1, 'qweqe', '2022-10-20 18:11:47'),
(94, 1, 5, '11', '2022-10-20 18:12:01'),
(95, 5, 1, '11', '2022-10-20 18:15:20'),
(96, 1, 5, 'qweqweqwe', '2022-10-20 18:15:27'),
(97, 1, 5, 'qweqe', '2022-10-20 18:17:14'),
(98, 1, 5, 'qweqe', '2022-10-20 18:22:36'),
(99, 5, 1, '11', '2022-10-20 18:22:40'),
(100, 5, 1, 'Всем привет)', '2022-10-20 18:22:42'),
(102, 5, 2, 'qweqweqwe', '2022-10-20 18:22:53'),
(103, 1, 4, '11', '2022-10-20 18:23:13'),
(104, 4, 1, 'qweqweqwe', '2022-10-20 18:23:16'),
(105, 1, 4, 'qweqweqwe', '2022-10-20 18:43:51'),
(106, 4, 1, 'qweqweqwe', '2022-10-20 18:44:00'),
(107, 1, 4, 'qweqwe', '2022-10-20 18:48:48'),
(108, 1, 4, '123', '2022-10-20 19:06:38'),
(109, 4, 1, 'Всем привет)', '2022-10-20 19:06:41'),
(110, 4, 1, 'qweqe', '2022-10-20 19:13:37'),
(111, 1, 4, 'qweqe', '2022-10-20 19:14:33'),
(112, 4, 1, '123', '2022-10-20 19:15:22'),
(113, 1, 4, 'йййййййййййй', '2022-10-20 19:46:33'),
(114, 4, 1, 'ййййй', '2022-10-20 19:46:38'),
(115, 1, 4, 'йй', '2022-10-20 19:46:56'),
(116, 4, 1, 'qweqe', '2022-10-20 19:49:05'),
(117, 5, 1, '1', '2022-10-20 19:51:08'),
(118, 1, 5, 'qweqe', '2022-10-20 19:51:16'),
(119, 5, 1, 'qweqwe', '2022-10-20 19:51:19'),
(120, 5, 1, 'Всем привет)', '2022-10-20 19:51:34'),
(121, 1, 5, 'qq', '2022-10-20 19:59:35'),
(122, 1, 5, '11', '2022-10-20 20:01:29'),
(123, 1, 5, 'qweqe', '2022-10-20 20:03:13'),
(124, 1, 5, '11', '2022-10-20 20:06:58'),
(125, 5, 1, 'qweqe', '2022-10-20 20:07:37'),
(126, 5, 4, '11', '2022-10-20 20:07:47'),
(127, 1, 5, 'Всем привет)', '2022-10-20 20:07:54'),
(128, 1, 4, '11', '2022-10-20 20:15:52'),
(129, 4, 1, '11', '2022-10-20 20:15:56'),
(130, 4, 1, 'asd', '2022-10-20 21:00:31'),
(131, 1, 4, 'asd', '2022-10-20 21:00:35'),
(132, 1, 4, 'asd', '2022-10-20 21:00:41'),
(133, 4, 1, 'aa', '2022-10-20 21:05:54'),
(134, 1, 4, '44', '2022-10-20 21:05:58'),
(135, 1, 4, '44', '2022-10-20 21:06:03'),
(136, 4, 1, '123', '2022-10-20 22:13:30'),
(137, 1, 4, '123', '2022-10-20 22:13:34'),
(138, 1, 4, 'Всем привет)', '2022-10-20 22:25:19'),
(139, 4, 1, '11', '2022-10-20 22:25:23'),
(140, 1, 4, 'qweqe', '2022-10-21 00:42:52'),
(141, 4, 1, '1', '2022-10-21 00:42:56'),
(142, 4, 1, '11', '2022-10-21 00:53:11'),
(143, 1, 4, 'qweqweqwe', '2022-10-21 00:53:14'),
(144, 1, 4, '11', '2022-10-21 00:53:32'),
(145, 1, 4, 'qweqe', '2022-10-21 00:53:37'),
(146, 1, 4, '11', '2022-10-21 01:28:12'),
(147, 4, 1, '11', '2022-10-21 01:28:36'),
(148, 4, 1, 'qweqe', '2022-10-21 01:28:52'),
(149, 1, 4, 'qweqweqwe', '2022-10-21 01:28:58'),
(150, 4, 1, '11', '2022-10-21 01:29:19'),
(151, 4, 1, 'qweqe', '2022-10-21 01:29:27'),
(152, 1, 4, '11', '2022-10-21 01:41:41'),
(153, 4, 1, 'vv', '2022-10-21 01:42:41'),
(154, 4, 1, 'qweqe', '2022-10-21 01:43:32'),
(155, 1, 4, 'zz', '2022-10-21 01:46:18'),
(156, 4, 1, 'zz', '2022-10-21 01:46:22'),
(157, 4, 1, 'qweqe', '2022-10-21 02:03:57'),
(158, 1, 4, 'Всем привет)', '2022-10-21 02:11:31'),
(159, 4, 1, '11', '2022-10-21 02:11:47'),
(160, 1, 4, 'qweqe', '2022-10-21 02:13:33'),
(161, 1, 4, 'qweqe', '2022-10-21 02:19:08'),
(162, 4, 1, 'qweqwe', '2022-10-21 02:19:14'),
(163, 4, 1, '123', '2022-10-21 02:26:56'),
(164, 4, 1, 'qweqweqwe', '2022-10-21 02:29:46'),
(165, 1, 5, 'qweqweqwe', '2022-10-21 02:30:45'),
(166, 1, 5, 'Всем привет)', '2022-10-21 02:30:54'),
(167, 4, 1, 'Всем привет)', '2022-10-21 02:35:56'),
(168, 1, 5, '11', '2022-10-21 02:36:27'),
(169, 4, 1, '11', '2022-10-21 02:37:06'),
(170, 1, 5, 'qweqwe', '2022-10-21 02:37:58'),
(171, 4, 1, '123', '2022-10-21 02:40:20'),
(172, 4, 1, 'Всем привет)', '2022-10-21 02:43:26'),
(173, 1, 4, '11', '2022-10-21 02:48:18'),
(174, 4, 1, '11', '2022-10-21 02:48:33'),
(175, 4, 1, 'qweqe', '2022-10-21 02:49:05'),
(176, 4, 1, '11', '2022-10-21 02:51:24'),
(177, 4, 1, '11', '2022-10-21 02:52:23'),
(178, 4, 1, 'qweqweqwe', '2022-10-21 02:52:27'),
(179, 4, 1, 'dd', '2022-10-21 02:52:30'),
(180, 4, 1, 'ss', '2022-10-21 02:52:43'),
(181, 1, 4, 'Всем привет)', '2022-10-21 02:53:12'),
(182, 4, 1, 'zz', '2022-10-21 02:54:14'),
(183, 4, 1, 'qweqweqwe', '2022-10-21 02:56:31'),
(184, 4, 1, '11', '2022-10-21 02:59:26'),
(185, 1, 4, 'Всем привет)', '2022-10-21 03:00:10'),
(186, 4, 1, 'qweqweqwe', '2022-10-21 03:01:59'),
(187, 4, 1, 'qweqe', '2022-10-21 03:03:55'),
(188, 4, 1, '11', '2022-10-21 03:07:16'),
(189, 1, 4, 'xx', '2022-10-21 03:13:54'),
(190, 4, 1, 'qq', '2022-10-21 03:18:43'),
(191, 4, 1, 'cc', '2022-10-21 03:19:07'),
(192, 4, 1, 'm', '2022-10-21 03:28:04'),
(193, 4, 1, 'c', '2022-10-21 03:32:00'),
(194, 1, 4, 'qweqweqwe', '2022-10-21 03:33:24'),
(195, 4, 1, '11', '2022-10-21 03:33:34'),
(196, 4, 1, 'x', '2022-10-21 03:33:54'),
(197, 4, 1, '11', '2022-10-21 13:06:33'),
(198, 4, 1, 'cc', '2022-10-21 13:10:30'),
(199, 4, 1, 'xx', '2022-10-21 13:10:45'),
(200, 4, 1, '11', '2022-10-21 13:11:09'),
(201, 4, 1, '123', '2022-10-21 13:12:11'),
(202, 4, 1, '11', '2022-10-21 13:16:38'),
(203, 4, 1, '11', '2022-10-21 13:18:10'),
(204, 4, 1, '11', '2022-10-21 13:18:34'),
(205, 4, 1, 'qweqwe', '2022-10-21 13:21:30'),
(206, 4, 1, '11', '2022-10-21 13:22:35'),
(207, 4, 1, '11', '2022-10-21 13:24:27'),
(208, 4, 1, 'bbb', '2022-10-21 13:24:38'),
(209, 4, 1, 'ьь', '2022-10-21 13:27:01'),
(210, 1, 4, '11', '2022-10-21 13:27:45'),
(211, 1, 4, 'qweqe', '2022-10-21 13:27:53'),
(212, 4, 1, '11', '2022-10-21 13:30:06'),
(213, 4, 1, 'qweqe', '2022-10-21 13:37:00'),
(214, 1, 4, 'asd', '2022-10-21 13:37:03'),
(215, 4, 1, '11', '2022-10-21 13:37:11'),
(216, 4, 1, 'qweqwe', '2022-10-21 13:37:40'),
(217, 4, 1, 'x', '2022-10-21 13:37:48'),
(218, 4, 1, 'c', '2022-10-21 13:37:49'),
(219, 4, 1, 'v', '2022-10-21 13:37:49'),
(220, 4, 2, 'qweqe', '2022-10-21 13:50:21'),
(221, 1, 5, '123', '2022-10-21 16:25:38'),
(222, 5, 1, 'кавво', '2022-10-21 16:25:43'),
(223, 5, 1, 'кава', '2022-10-21 16:25:48'),
(224, 5, 1, 'qweqe', '2022-10-21 16:26:14'),
(225, 1, 4, 'qweqweqwe', '2022-10-24 17:55:40');

-- --------------------------------------------------------

--
-- Структура таблицы `users`
--

CREATE TABLE `users` (
  `id` int(10) UNSIGNED NOT NULL,
  `nickname` varchar(255) DEFAULT NULL,
  `email` varchar(255) DEFAULT NULL,
  `hide_email` bit(1) NOT NULL DEFAULT b'0',
  `password` varchar(255) DEFAULT NULL,
  `avatar` varchar(255) DEFAULT NULL,
  `hash` varchar(255) DEFAULT NULL,
  `email_confirmed` bit(1) NOT NULL DEFAULT b'1'
) ENGINE=InnoDB DEFAULT CHARSET=utf8;

--
-- Дамп данных таблицы `users`
--

INSERT INTO `users` (`id`, `nickname`, `email`, `hide_email`, `password`, `avatar`, `hash`, `email_confirmed`) VALUES
(1, 'Abram', 'izbenko1993@bk.ru', b'1', '$2y$10$NDUz8pttB/paX002XKUxjujwvS0QLgIoQ9CLco6jWcjN0OYJh2Xji', 'avatars/1665757667123.jpg', '409a43a3228bde3a1b398bbf3de5d809', b'0'),
(2, 'Jora', 'qwer@mail.ru', b'1', '$2y$10$UdZsDCqymZLhhW.Rcd3d8ux4XPxekgvCSwZfWAqCnhR0M9gGb0NzG', 'avatars/1665757701git.png', '48a0180d572be50b6357a426d52d3c28', b'0'),
(3, 'Qwe', 'qwe@qwe.com', b'0', '$2y$10$AaRalrotPJ.o6YXXGzZmqu.pY2Q45ZHL7wccj1zjyfks81hsBPMrq', '', '98e611a3279093c904a3e187a09616c2', b'0'),
(4, NULL, 'admin@ad.ru', b'0', '$2y$10$7WSn5OtC5cvaGFnp1cQO1.bLGdMaPhUJSFQhY8i8y0v/I5Lhu6WNC', '', 'e1dc7ec9be4fd77bbeed7ae44a6ae4f3', b'0'),
(5, 'Roman', 'izbenkoroman@gmail.com', b'1', '$2y$10$hFQ9ajiG.X8NcA7VGw/.LOxf8XPnmmcfBRwjWGoENWYodssyxfb8i', 'avatars/1665938419kisspng-flag-of-the-soviet-union-hammer-and-sickle-communi-border-flag-5ac079ef3e3ab5.2823637715225635672549.png', 'e30240da8c665a7765cdc0fef0fdc31f', b'0');

--
-- Индексы сохранённых таблиц
--

--
-- Индексы таблицы `friends`
--
ALTER TABLE `friends`
  ADD PRIMARY KEY (`id`),
  ADD KEY `user_id` (`user_id`),
  ADD KEY `friend_id` (`friend_id`);

--
-- Индексы таблицы `groups`
--
ALTER TABLE `groups`
  ADD PRIMARY KEY (`id`),
  ADD UNIQUE KEY `id` (`id`);

--
-- Индексы таблицы `group_messages`
--
ALTER TABLE `group_messages`
  ADD PRIMARY KEY (`id`),
  ADD KEY `group_id` (`group_id`),
  ADD KEY `user_id` (`user_id`);

--
-- Индексы таблицы `group_users`
--
ALTER TABLE `group_users`
  ADD PRIMARY KEY (`id`),
  ADD KEY `group_id` (`group_id`),
  ADD KEY `user_id` (`user_id`);

--
-- Индексы таблицы `messages`
--
ALTER TABLE `messages`
  ADD PRIMARY KEY (`id`),
  ADD UNIQUE KEY `id` (`id`),
  ADD KEY `from_id` (`from_id`),
  ADD KEY `to_id` (`to_id`);

--
-- Индексы таблицы `users`
--
ALTER TABLE `users`
  ADD PRIMARY KEY (`id`),
  ADD UNIQUE KEY `id` (`id`);

--
-- AUTO_INCREMENT для сохранённых таблиц
--

--
-- AUTO_INCREMENT для таблицы `friends`
--
ALTER TABLE `friends`
  MODIFY `id` int(10) UNSIGNED NOT NULL AUTO_INCREMENT, AUTO_INCREMENT=14;

--
-- AUTO_INCREMENT для таблицы `groups`
--
ALTER TABLE `groups`
  MODIFY `id` int(10) UNSIGNED NOT NULL AUTO_INCREMENT, AUTO_INCREMENT=4;

--
-- AUTO_INCREMENT для таблицы `group_messages`
--
ALTER TABLE `group_messages`
  MODIFY `id` int(10) UNSIGNED NOT NULL AUTO_INCREMENT, AUTO_INCREMENT=61;

--
-- AUTO_INCREMENT для таблицы `group_users`
--
ALTER TABLE `group_users`
  MODIFY `id` int(10) UNSIGNED NOT NULL AUTO_INCREMENT, AUTO_INCREMENT=10;

--
-- AUTO_INCREMENT для таблицы `messages`
--
ALTER TABLE `messages`
  MODIFY `id` int(10) UNSIGNED NOT NULL AUTO_INCREMENT, AUTO_INCREMENT=230;

--
-- AUTO_INCREMENT для таблицы `users`
--
ALTER TABLE `users`
  MODIFY `id` int(10) UNSIGNED NOT NULL AUTO_INCREMENT, AUTO_INCREMENT=7;

--
-- Ограничения внешнего ключа сохраненных таблиц
--

--
-- Ограничения внешнего ключа таблицы `friends`
--
ALTER TABLE `friends`
  ADD CONSTRAINT `friends_ibfk_1` FOREIGN KEY (`friend_id`) REFERENCES `users` (`id`),
  ADD CONSTRAINT `friends_ibfk_2` FOREIGN KEY (`user_id`) REFERENCES `users` (`id`);

--
-- Ограничения внешнего ключа таблицы `group_messages`
--
ALTER TABLE `group_messages`
  ADD CONSTRAINT `group_messages_ibfk_1` FOREIGN KEY (`group_id`) REFERENCES `groups` (`id`),
  ADD CONSTRAINT `group_messages_ibfk_2` FOREIGN KEY (`user_id`) REFERENCES `users` (`id`);

--
-- Ограничения внешнего ключа таблицы `group_users`
--
ALTER TABLE `group_users`
  ADD CONSTRAINT `group_users_ibfk_1` FOREIGN KEY (`group_id`) REFERENCES `groups` (`id`),
  ADD CONSTRAINT `group_users_ibfk_2` FOREIGN KEY (`user_id`) REFERENCES `users` (`id`);

--
-- Ограничения внешнего ключа таблицы `messages`
--
ALTER TABLE `messages`
  ADD CONSTRAINT `messages_ibfk_1` FOREIGN KEY (`from_id`) REFERENCES `users` (`id`),
  ADD CONSTRAINT `messages_ibfk_2` FOREIGN KEY (`to_id`) REFERENCES `users` (`id`);
COMMIT;

/*!40101 SET CHARACTER_SET_CLIENT=@OLD_CHARACTER_SET_CLIENT */;
/*!40101 SET CHARACTER_SET_RESULTS=@OLD_CHARACTER_SET_RESULTS */;
/*!40101 SET COLLATION_CONNECTION=@OLD_COLLATION_CONNECTION */;
